ocultas,pesos,semilla,E_entrenamiento,E_prueba,R2_prueba
1,4,0,0.040112257465737926,0.027590441843043587,0.914297554149955
1,4,1,0.03898784685940903,0.02815530676312379,0.9125429499467617
1,4,2,0.07178170047680817,0.06423262935485578,0.8004782427767282
2,7,0,0.04551954187344766,0.03625524801704939,0.8873826143257455
2,7,1,0.03233669812349758,0.027584021810857243,0.9143174962902054
2,7,2,0.07251432129831918,0.06868730182241009,0.786640975214936
3,10,0,0.02618378115305772,0.02253413816894892,0.9300036307070341
3,10,1,0.025426890704344934,0.02210644017983099,0.9313321619411866
3,10,2,0.05754428849141666,0.05532391591521823,0.8281508163258396
4,13,0,0.01766339751044895,0.017537680358004265,0.9455238118415193
4,13,1,0.030546097676091944,0.027033657520778697,0.916027058102828
4,13,2,0.030623530405025422,0.031265918445641264,0.9028806534602454
8,25,0,1.759649478210827e-05,1.7359096750241974e-05,0.9999460785348163
8,25,1,0.0036384477480630472,0.003577323508941216,0.9888879860620852
8,25,2,0.000838481214027103,0.0008051584017500404,0.9974989873406435
16,49,0,6.312627510439878e-05,6.264303112393698e-05,0.9998054159113028
16,49,1,0.0001607135030732126,0.00014448814066278333,0.9995511856199487
16,49,2,0.0010891786450672543,0.0010420330678217963,0.9967631985353119
