x1,x2,grupo_real
-3.930848378398634,3.427342325189784,0
-3.647767542256195,3.557695064434172,0
-4.294618155238611,3.6988772802002168,0
-3.2827999751784245,4.020894529721083,0
-4.387054379693846,2.804018190924671,0
-4.3428009543955435,3.522729288640984,0
-5.278766926051359,3.3796645848370996,0
-4.6852510209891856,3.0972529549131016,0
-4.299342440571521,3.326034913996965,0
-3.773603204994227,4.073382353193472,0
-4.070694064619219,4.251554908802327,0
-4.365857070417637,3.693330538551161,0
-3.503091400091505,3.551706763768481,0
-4.408924587144595,2.993051043057869,0
-4.251749204117036,3.6211073179085274,0
-4.555290000946305,3.384953433820558,0
-4.087573755452962,3.7974650715771943,0
-3.8819374826215123,3.6954549899719566,0
-4.359605735180087,3.428712501468977,0
-3.5688134914662686,4.321387129871418,0
-4.692486042657266,4.332658076106484,0
-3.2597685169197326,3.9297212703852353,0
-3.854549403318883,3.327342452004965,0
-3.1980886240546726,4.578142074047481,0
-3.009100821573631,4.223307070603903,0
-3.803440774137574,2.8354247522448057,0
-4.002449773216045,3.861061214291985,0
-4.708598805062255,3.7173171331001047,0
-3.7635749678477737,3.8828234981795777,0
-4.651264881716454,3.1360635853785306,0
-4.240039385928772,2.8566089507249246,0
-3.043347667578426,3.2272490993568166,0
-3.8190667037968886,3.357785099989342,0
-3.129089916658833,4.226198542895012,0
-3.6516560574462966,2.288069565644342,0
-3.9713840641570624,3.876027404927094,0
-3.4478211332868067,3.1601511254108194,0
-2.997893750169422,2.7737629664926886,0
-4.36384041199837,4.014277493462712,0
-3.9730199623960787,4.601315921004891,0
-3.896314444118144,3.1517432503942753,0
-4.207659927878044,2.8998696353094426,0
-4.702724091512635,3.8467263199225274,0
-3.6803588031729566,4.212007350692614,0
-4.4150331851929625,4.429009098844021,0
-4.1580632392947665,4.365924553364523,0
-4.238032215950429,3.095484189211749,0
-3.862618045642733,4.06729919667821,0
-3.9114447328065602,3.1779591467321646,0
-4.737670842742168,2.7291638817954147,0
-3.7235244325688237,4.0443421683071925,0
-4.09036202594391,2.909099327974361,0
-3.5198268160580612,2.7957833304069846,0
-4.3921874522826,3.8415598194470544,0
-5.2375776454660254,3.7125032786614685,0
-4.319902460025227,3.5601038336127977,0
-4.041635839421453,3.611162917274178,0
-3.6182054348111454,3.082896637005875,0
-3.218459887728446,3.8993515839212707,0
-3.5359470357332023,4.140675189611065,0
-3.5668264780617718,3.9642432743182257,0
-3.9584235140914132,2.715274381955647,0
-4.074274805020358,3.076766947902812,0
-4.782507972683478,3.6421490350021433,0
-4.312702199781204,2.9336075590936947,0
-4.5736505940393615,3.647629393839903,0
-3.8027304279563103,4.227351608371758,0
-4.007653067688252,4.073011867567052,0
-3.2287543452751124,4.1325910998823305,0
-5.300917148452336,4.175776045561881,0
-3.8132089954632464,3.733074244069341,0
-3.7958249202450576,3.7105164381489186,0
-3.8243221788611903,3.3025976803037587,0
-5.045899414106797,3.4400968996509174,0
-4.442052516686372,4.094089876895837,0
-4.158821578297458,3.5459114458588554,0
-4.4672832755855785,3.21915764265603,0
-4.006343183927623,2.68304364865505,0
-3.8346231871379666,3.441660260603737,0
-4.652145892752879,2.1809719240312258,0
-0.26912653975386275,4.6660871824755015,1
-0.7385037859481712,4.693730416566176,1
0.3174141733965148,4.7775895639231605,1
-0.461021331655156,4.130817208646071,1
0.24130257986024495,5.212869592549932,1
-0.019879309847669422,4.821452729045256,1
-0.08750534502893191,4.966926075792484,1
-0.2240649149634472,4.731513168716269,1
-1.1632495766188815,5.2629844565114325,1
-1.3707318364743681,4.692028497933884,1
-0.5920351197798474,4.3307129365569725,1
-0.2240945886485391,4.709851634365694,1
-0.6965907465187767,5.033928778939939,1
-0.7144605682512862,5.425040988677239,1
-0.34184521571570875,4.5865501559245025,1
-1.3749192391934948,4.211511061394483,1
-0.010926146854236473,4.777228171599896,1
-0.6274062795557906,5.539463226409214,1
-1.0771921598332543,4.536453990071388,1
-0.7126644545413179,5.063851776689085,1
-0.7985908392368212,4.523961968123687,1
-1.222317228598301,5.128207231808036,1
-0.13723728866824011,4.585630463669477,1
-0.42649702450641563,4.218309244758296,1
-0.7123159196334059,5.420077928725134,1
-0.43892116966978956,5.83966356905815,1
-0.854236733970721,5.061127987525938,1
-0.587977622524896,5.054618031072642,1
-0.5032451118464404,4.547460850315878,1
-0.8904275439447662,6.179716532572003,1
-0.5348052768758972,3.8925026893950396,1
-0.7918702735565006,5.105117877205799,1
-0.7250037949331367,5.412200791118366,1
-0.048920777220218994,4.7314476138790935,1
-0.7124971742492195,4.347839546837537,1
-0.8149849440409961,4.137085616400468,1
0.041978331189887974,5.515815354206728,1
-1.0652621313774797,4.268242660941091,1
-1.2958303356891125,4.366265596170521,1
-1.8978515605774813,4.285974469515636,1
0.08361192991023574,4.6444473617409905,1
-0.11543709431596626,4.579963921271079,1
0.29230028364690536,4.889648092356236,1
-0.6719010314645663,5.948590811416986,1
-0.6460123353284476,4.250449492623239,1
-0.40914049911795053,4.782524232648864,1
-0.020153951075184307,4.385264733975985,1
-0.13787738083422604,5.183736811758431,1
-0.8004592813707817,4.873459802575205,1
-0.8738383805844518,5.8556136332283,1
-0.8168628030260752,4.596116500349078,1
-0.9796271098835186,4.644245426172072,1
-0.5026442120136069,5.145505110905109,1
-0.7747189907295647,4.716401718597786,1
-1.137420214886319,4.42766899795523,1
0.740113401224178,5.268559436262658,1
-0.8516408187547917,4.198171241312269,1
-0.9390122737698462,4.790239113218819,1
-0.48437249523836434,4.465037729581114,1
-1.0789585100319399,5.4400703273618,1
3.816179815906567,2.7378023863024454,2
3.3455371545287393,2.6293286786120316,2
1.4447681877880214,3.080963278964838,2
2.7506189132129637,2.2981209906770266,2
3.051816316226738,3.512611200297908,2
2.680628434114622,1.9960029782281146,2
3.9478964526206646,3.5280582332476857,2
2.8287464045440447,3.3936783741050713,2
3.2958572987096737,3.2109045235874922,2
2.6173278039541263,3.5830261145525846,2
4.342281267881549,3.445951264938328,2
3.8908379731866005,0.35940739071408645,2
3.682440824346858,2.9821882783152196,2
3.397068145207567,2.558595407020286,2
3.5387554824394876,3.2884821835898337,2
3.3153482876215623,2.6756731022030906,2
4.36082766765749,2.2262430249116125,2
4.221108638476713,3.1237687246113675,2
2.936986048302301,2.7970126727514804,2
2.8560044780314624,3.4725451628866075,2
3.74353123337933,2.610242677392773,2
2.728447190662044,3.2112012654507494,2
4.170169924789352,2.920314555432683,2
3.792846750622456,2.73678099461518,2
3.547298444206599,2.796101962024418,2
3.705829500082486,1.9431592408749911,2
3.9509333662327824,2.8390472628776795,2
3.75102564735457,2.7617829107736536,2
3.7242528325618722,2.249206037109755,2
4.332408088741923,1.8075187886538915,2
2.7725328296545695,3.164966248677744,2
4.523989599629203,3.1946884112656213,2
3.3264640813046396,2.002436899729715,2
3.3661063348989075,2.9860860922705346,2
4.683398051737578,3.4354876551240476,2
2.4296349875500876,4.418745366670235,2
3.2234930871508447,2.3843781997069784,2
4.5323758564608365,2.9651709677921225,2
3.242818180435331,3.153150192254662,2
4.091422146263001,3.6953353431147553,2
2.5373583199630816,4.39893702919021,2
4.162803111596938,2.7345592565907944,2
2.926938103935009,2.3216912984692555,2
3.5863649063033276,2.546388594067261,2
2.9645882242994355,3.567878083459145,2
3.7551971406784266,2.723800119103402,2
4.013973317329761,3.9571650384139696,2
2.733852581159248,2.5776956811004266,2
4.159835288153913,3.503258396070538,2
3.6586891995065947,3.81369483129092,2
2.738251789616632,1.9646035163602271,2
2.8934448499061713,3.0857808668752282,2
2.9427392574334275,2.658947290502716,2
2.817499916629789,2.565699598783568,2
2.796648946704904,3.257226344021929,2
4.056423747588253,2.6636878423372523,2
3.3549139431705255,2.5932771992416592,2
3.8718758509453326,3.062339227117454,2
4.61590983023675,2.2331695743537265,2
3.753751749433733,3.310793979752668,2
3.2476918803063715,3.4084738891679205,2
2.493034145706693,4.483162121510524,2
2.560568882699491,3.6438650823954917,2
2.715214124742544,3.805618121862227,2
3.2306581813736983,3.110896035013548,2
3.537340628994714,3.7705138665173563,2
3.2749167848999514,0.9229714030112397,2
2.9679588469548963,3.1285986261622636,2
3.1916722565908167,3.5388745959245584,2
4.210728897182128,2.8965597330701334,2
2.457248223932242,3.9689155770041276,2
4.258137450074773,2.7905662060130836,2
4.975801887974926,2.755787177935135,2
2.7040161957071374,2.890888596374296,2
4.254483600854039,2.343782590220239,2
4.865857554420414,2.3724316497995606,2
4.168095593466869,3.381123661942224,2
3.3921600582920237,3.75637308510243,2
2.4501408477922637,3.9503002508532323,2
3.455421179720831,2.6202953250955408,2
4.024421833628057,3.7419293095194703,2
4.038856801436531,4.399652674731491,2
4.256508253235069,3.898454642694284,2
3.12209524397644,3.0745666439434207,2
3.8940878076278658,2.9875804343076946,2
3.711144663221265,3.298273336294198,2
4.090970742377075,2.9288737764609833,2
3.255140549225683,2.4201790448484144,2
2.87578737170041,3.820715859142426,2
3.440834958398283,3.55086106676338,2
-4.686573000245578,-3.7752672431356733,3
-4.363818600299952,-2.541349212996198,3
-1.6114993282178025,-2.867184556859166,3
-4.042821195207948,-3.052321056626342,3
-3.387088623738612,-3.1379893384381266,3
-6.257890788510322,-3.3431705543848786,3
-3.247141538386906,-2.3934288840751625,3
-2.791034023128732,-2.439644685494877,3
-3.5118189813872798,-3.101075432499123,3
-8.069248249070641,-2.8146678643171925,3
-2.288775640258866,-2.2944963721762504,3
-3.632789574030678,-2.9623383375211816,3
-3.917186341137408,-3.4705028259681123,3
-3.9270403567580456,-3.137999409634315,3
-1.2379305627292423,-2.999115358970649,3
-4.027708252568239,-2.9432488687033067,3
-2.7171572377719553,-3.2704928223899845,3
-1.5137962853815272,-3.75533955639066,3
-3.2776080165078825,-2.733973573748302,3
-4.739962275319911,-2.8554985005426494,3
-1.3192390347480532,-2.8185314942972126,3
-5.197207925870004,-3.2912780109740996,3
-1.398005576744458,-2.8806659019738823,3
-3.012816620036968,-2.8235197621138037,3
-2.062636364992361,-3.2833860946391975,3
-3.377520104094842,-2.9428345401332723,3
-3.707145038323523,-3.0533806234149017,3
-1.3127667104634089,-3.387127945876822,3
-0.49533847812431697,-2.2482622490472055,3
-5.227471269353604,-3.056409066045209,3
-2.5545009594606167,-3.3043484350025714,3
-3.963404654790147,-3.0949662786938186,3
-2.0390684867549846,-3.204533535578838,3
-0.6252980448938483,-2.884010399064587,3
-3.133347869308321,-2.420296125947417,3
-2.185834446421542,-2.8522852897249704,3
-3.4304824976003827,-2.2744057544429,3
-1.944631933338017,-3.081364534377885,3
-5.0503588958875145,-2.850819383295231,3
-4.486862119732067,-3.6863783807033284,3
-3.3628969571080933,-2.887411558963751,3
-1.3327743962118863,-2.8870192698859003,3
-1.9521746146780241,-3.490353082089262,3
-3.0292918307078245,-2.950315472278198,3
-1.879079959994116,-2.953575730627593,3
-1.954697354444165,-3.2016796991108536,3
-2.534658621922896,-2.8340534394982306,3
-4.624708441962646,-2.929784548572943,3
-3.416471285036829,-3.761635179446414,3
-1.7540713158161823,-3.1447434721217205,3
-4.108107075563619,-3.1509266974775256,3
-2.8203396059071824,-2.396836206261144,3
-3.215713163908063,-2.811037001216596,3
-1.2143468100329093,-2.7865797874904827,3
-1.6108665953555708,-3.190603943580382,3
-1.9976358755838293,-3.023190400027877,3
-1.6032653912640664,-3.4014238287968563,3
-4.013425079215568,-2.492507370917847,3
-3.25490916434018,-3.1435842586817877,3
-2.899155854844689,-3.2757989829411445,3
-1.2684762209102716,-3.499665060670362,3
-3.195777397868526,-2.861218885719055,3
-3.1357811897865306,-3.3209150181471525,3
-4.1289059557782775,-2.8298422296716703,3
-4.339624585216711,-2.7415029177139836,3
-4.98139287273888,-3.221993238686674,3
-2.95280217091933,-3.5008607773778464,3
-2.1523858774154303,-3.007415525323801,3
-4.346895786066406,-3.6075552919001583,3
-5.035266182784433,-2.9795864219478685,3
-4.503879139186495,-3.5459518402929806,3
-3.3005937161398737,-2.088999790058786,3
-2.6391975303965056,-2.6948324665997596,3
-2.72346614985077,-2.6868071335565653,3
-4.746015245604439,-3.172204788077034,3
-2.6602439007069494,-3.007166726421989,3
-3.249591186145719,-3.266350431897175,3
-3.3358980335154644,-3.3096791295565327,3
-6.148382919317715,-3.4778033766822345,3
-2.3816511794632285,-2.377168817731349,3
-0.6423457772792068,-2.961299302524517,3
-1.8386012895226254,-2.6368088357157107,3
-3.8999369390284975,-3.6791759321842417,3
-2.959846484838743,-3.7048803988962153,3
-3.415908496841275,-2.7567531652842527,3
-4.846090334530003,-2.9870818464273454,3
-1.387976450098215,-2.8553950103916144,3
-2.3209817890254176,-2.637303834473302,3
-0.747148006229466,-2.9394307673107254,3
-1.401648880136938,-3.0256676865349696,3
2.5084480661098643,-2.7166611273441914,4
2.454768436807496,-3.515816294189909,4
2.453033432601978,-5.06588177597985,4
3.094949529894537,-4.137451822735922,4
2.90345779139855,-1.695028097563655,4
2.531099709203439,-3.4878082426027297,4
4.227518446051616,-2.5083248110821312,4
3.878874387617379,-3.319762110588294,4
3.673274891583835,-3.617551730241122,4
2.391598446940291,-2.4633801496154404,4
2.4614641458545483,-2.3095933110804414,4
5.152516081886368,-4.517537283252557,4
2.3230160614908795,-1.9918684363415933,4
2.8694296474560987,-1.9550191351866848,4
2.090942154180383,-2.7017902399728264,4
2.8644993139594397,-2.8736663494139916,4
3.298004417149827,-4.098005726390361,4
2.033276263176635,-1.7406803937941193,4
3.26389234042286,-2.9042883003426354,4
2.960332749647802,-2.6791117511644944,4
1.959656934535098,-3.8991245987058596,4
4.17405742248579,-2.863852300337553,4
3.7652707862886308,-3.545097606229146,4
4.239052842323375,-2.689249435212433,4
3.4331212373250772,-2.5061435960557974,4
2.282691684565083,-4.679148777060054,4
2.032677599623408,-1.5325294283522748,4
4.170615573288438,-3.312229231180173,4
2.7284913056674696,-2.0670547104877324,4
2.8484311145217727,-4.169333883117701,4
4.138988783336545,-2.5705392798774613,4
0.7352942564968041,-3.2818710949768897,4
3.1293031829559053,-2.5668778556470904,4
3.1369360703804716,-3.5721676175192623,4
2.8958168603730114,-2.7346797138507597,4
2.758796322947385,-3.334710647735587,4
4.126875544798335,-3.851946916742327,4
2.685482876001079,-4.828142111744181,4
3.4868729671062706,-2.2545619861378032,4
3.493638149336926,-2.174094761284894,4
3.396636070287205,-2.691736148141929,4
3.4265523602892123,-3.240577588757949,4
4.069495076336762,-3.313714858512741,4
1.6838832673603263,-2.235194747743394,4
4.665632501956334,-3.864136007361568,4
2.908531983366429,-3.6168978096462245,4
2.6574750748852347,-2.958516325398308,4
1.882372392496948,-3.2498883041405584,4
1.6806293522558515,-3.5114048741473303,4
1.9325373114121613,-3.9531546295141298,4
1.45208038740762,-1.9025808701406295,4
3.4581531762655966,-4.725717639110845,4
2.462855165356912,-3.6033947399127664,4
2.378150284648263,-4.302195161300835,4
3.6789471492316097,-3.356277406957199,4
3.4213340185405623,-2.5259198113502155,4
4.237900780503798,-4.633385049968829,4
4.56474190028246,-1.8580662534978927,4
3.515759393101956,-0.8547669936892953,4
3.184480738134508,-2.2606689755368037,4
2.3354274168588365,-1.9790783328433545,4
3.151043372750173,-3.4060801303704418,4
4.905245278484289,-3.2743196980867486,4
3.007975194847666,-3.1775519615935157,4
2.3198961780871667,-2.5218548395226144,4
3.6645686433594578,-2.681064725035147,4
0.8754795646995581,-2.0928026969192235,4
2.6847854851592157,-4.094691070700375,4
3.542952863145877,-2.4934355216635233,4
2.061233667946797,-0.7748078890506913,4
1.9113361055619147,-4.55970243394601,4
1.961245716331515,-1.7212801413989427,4
2.841728946866836,-3.3348510190633727,4
2.944058050980005,-3.5369525171246745,4
2.3787629280056364,-3.577093944424895,4
3.63715997112068,-2.081589702895508,4
2.0504166942155004,-2.784694825435448,4
3.7093865171241776,-3.9735767545555043,4
2.547690067184524,-3.9342577460797123,4
1.8380743112844868,-2.9083234180889987,4
