letra,pixeles_invertidos,distancia_inicial,resultado,barridos,neuronas_cambiadas,E_inicial,E_final
A,4,4,A,2,4,-13.904761904761902,-20.57142857142857
A,8,8,A,2,8,-6.285714285714285,-20.57142857142857
A,12,12,A,2,12,-2.2857142857142856,-20.57142857142857
B,4,4,B,2,4,-12.380952380952381,-22.095238095238095
B,8,8,B,2,8,-6.857142857142857,-22.095238095238095
B,12,12,B,2,12,-3.238095238095238,-22.095238095238095
C,4,4,C,2,4,-12.761904761904763,-20.76190476190476
C,8,8,C,2,8,-8.0,-20.76190476190476
C,12,12,C,3,12,-4.0,-20.76190476190476
D,4,4,D,2,4,-15.047619047619047,-23.80952380952381
D,8,8,D,2,8,-8.0,-23.80952380952381
D,12,12,espurio,3,13,-5.142857142857142,-24.38095238095238
