pixeles_invertidos,ruido_%,correcto_%,otra_letra_%,inverso_%,espurio_%,barridos_medios
0,0.0,100.0,0.0,0.0,0.0,1.0
2,4.761904761904762,97.75,0.0,0.0,2.25,2.0025
4,9.523809523809524,94.25,0.0,0.0,5.75,2.0025
6,14.285714285714286,90.5,0.0,0.0,9.5,2.0162500000000003
8,19.047619047619047,86.75,0.0,0.0,13.25,2.03125
10,23.80952380952381,79.375,0.0,0.0,20.625,2.09875
12,28.571428571428573,67.625,1.25,0.25,30.875,2.165
14,33.333333333333336,56.125,4.25,1.5,38.125,2.30375
16,38.095238095238095,36.5,12.375,7.875,43.25,2.4124999999999996
18,42.857142857142854,14.5,24.375,19.25,41.875,2.4575
21,50.0,0.5,34.75,35.75,29.0,2.32375
