pixeles_invertidos,ruido_%,letra,correcto_%,otra_letra_%,inverso_%,espurio_%,barridos_medios
0,0.0,A,100.0,0.0,0.0,0.0,1.0
0,0.0,B,100.0,0.0,0.0,0.0,1.0
0,0.0,C,100.0,0.0,0.0,0.0,1.0
0,0.0,D,100.0,0.0,0.0,0.0,1.0
2,4.761904761904762,A,100.0,0.0,0.0,0.0,2.0
2,4.761904761904762,B,100.0,0.0,0.0,0.0,2.0
2,4.761904761904762,C,100.0,0.0,0.0,0.0,2.0
2,4.761904761904762,D,91.0,0.0,0.0,9.0,2.01
4,9.523809523809524,A,99.5,0.0,0.0,0.5,2.0
4,9.523809523809524,B,99.0,0.0,0.0,1.0,2.005
4,9.523809523809524,C,100.0,0.0,0.0,0.0,2.0
4,9.523809523809524,D,78.5,0.0,0.0,21.5,2.005
6,14.285714285714286,A,99.0,0.0,0.0,1.0,2.0
6,14.285714285714286,B,94.5,0.0,0.0,5.5,2.035
6,14.285714285714286,C,98.5,0.0,0.0,1.5,2.015
6,14.285714285714286,D,70.0,0.0,0.0,30.0,2.015
8,19.047619047619047,A,94.5,0.0,0.0,5.5,2.03
8,19.047619047619047,B,89.5,0.0,0.0,10.5,2.035
8,19.047619047619047,C,99.0,0.0,0.0,1.0,2.015
8,19.047619047619047,D,64.0,0.0,0.0,36.0,2.045
10,23.80952380952381,A,90.0,0.0,0.0,10.0,2.07
10,23.80952380952381,B,82.0,0.0,0.0,18.0,2.125
10,23.80952380952381,C,91.0,0.0,0.0,9.0,2.095
10,23.80952380952381,D,54.5,0.0,0.0,45.5,2.105
12,28.571428571428573,A,73.5,2.5,0.0,24.0,2.135
12,28.571428571428573,B,70.5,1.0,0.0,28.5,2.175
12,28.571428571428573,C,80.5,0.5,0.5,18.5,2.16
12,28.571428571428573,D,46.0,1.0,0.5,52.5,2.19
14,33.333333333333336,A,61.5,5.0,2.5,31.0,2.33
14,33.333333333333336,B,53.5,5.0,0.0,41.5,2.315
14,33.333333333333336,C,66.5,5.0,1.0,27.5,2.29
14,33.333333333333336,D,43.0,2.0,2.5,52.5,2.28
16,38.095238095238095,A,34.5,15.5,8.5,41.5,2.395
16,38.095238095238095,B,38.5,11.0,5.5,45.0,2.385
16,38.095238095238095,C,41.5,10.5,6.5,41.5,2.51
16,38.095238095238095,D,31.5,12.5,11.0,45.0,2.36
18,42.857142857142854,A,14.5,25.5,19.0,41.0,2.43
18,42.857142857142854,B,16.0,21.0,15.0,48.0,2.46
18,42.857142857142854,C,19.5,26.0,14.5,40.0,2.455
18,42.857142857142854,D,8.0,25.0,28.5,38.5,2.485
21,50.0,A,0.0,42.0,32.5,25.5,2.335
21,50.0,B,0.5,33.5,38.5,27.5,2.39
21,50.0,C,1.5,26.5,37.5,34.5,2.265
21,50.0,D,0.0,37.0,34.5,28.5,2.305
